Class Name,color,comfort,fabric/material,quality,size/fit
Blouses,7.0,3.0,62.0,14.0,204.0
Dresses,19.0,6.0,145.0,15.0,396.0
Fine gauge,7.0,3.0,13.0,2.0,64.0
Intimates,0.0,1.0,1.0,1.0,9.0
Jackets,2.0,0.0,15.0,1.0,42.0
Jeans,1.0,1.0,8.0,6.0,54.0
Knits,18.0,6.0,93.0,12.0,267.0
Layering,0.0,1.0,1.0,0.0,7.0
Legwear,0.0,1.0,1.0,2.0,6.0
Lounge,0.0,2.0,13.0,3.0,20.0
Outerwear,2.0,0.0,4.0,4.0,20.0
Pants,8.0,3.0,14.0,3.0,84.0
Shorts,3.0,0.0,4.0,0.0,17.0
Skirts,2.0,1.0,9.0,2.0,60.0
Sleep,0.0,0.0,6.0,3.0,12.0
Sweaters,7.0,7.0,18.0,8.0,83.0
Swim,0.0,0.0,3.0,3.0,26.0
Trend,0.0,0.0,7.0,1.0,12.0
